{
  "robot_root_name": "base_link",
  "human_root_name": "Hips",
  "ground_height": 0.0,
  "human_height_assumption": 1.8,
  "use_ik_match_table1": false,
  "use_ik_match_table2": true,
  "human_scale_table": {
    "Hips": 0.46,
    "Spine2": 1,
    "LeftUpLeg": 1,
    "RightUpLeg": 1,
    "LeftLeg": 1,
    "RightLeg": 1,
    "LeftFootMod": 1,
    "RightFootMod": 1,
    "LeftArm": 1,
    "RightArm": 1,
    "LeftForeArm": 1,
    "RightForeArm": 1
  },
  "ik_match_table1": {
    "base_link": [
      "Hips",
      50,
      100,
      [
        0.0,
        0.0,
        0.0
      ],
      [
        0.49999999999999994,
        0.5000000000000001,
        0.49999999999999994,
        0.5000000000000001
      ]
    ],
    "left_hip_yaw_link": [
      "LeftUpLeg",
      5,
      10,
      [
        0.0,
        0.0,
        0.0
      ],
      [
        -0.5,
        0.5,
        0.4999999999999999,
        -0.5
      ]
    ],
    "left_knee_pitch_link": [
      "LeftLeg",
      0,
      10,
      [
        0.0,
        0.0,
        0.0
      ],
      [
        -0.5,
        0.5,
        0.4999999999999999,
        -0.5
      ]
    ],
    "left_ankle_roll_link": [
      "LeftFootMod",
      30,
      10,
      [
        0.0,
        0.0,
        0.0
      ],
      [
        -0.7071067811865476,
        0.7071067811865474,
        0.0,
        0.0
      ]
    ],
    "right_hip_yaw_link": [
      "RightUpLeg",
      5,
      10,
      [
        0.0,
        0.0,
        0.0
      ],
      [
        0.49999999999999994,
        -0.49999999999999994,
        -0.49999999999999983,
        0.5000000000000002
      ]
    ],
    "right_knee_pitch_link": [
      "RightLeg",
      0,
      10,
      [
        0.0,
        0.0,
        0.0
      ],
      [
        0.49999999999999994,
        -0.49999999999999994,
        -0.49999999999999983,
        0.5000000000000002
      ]
    ],
    "right_ankle_roll_link": [
      "RightFootMod",
      30,
      10,
      [
        0.0,
        -0.0,
        0.0
      ],
      [
        0.7071067811865476,
        -0.7071067811865475,
        5.551115218129072e-17,
        2.220446087251629e-16
      ]
    ],
    "waist_pitch_link": [
      "Spine2",
      0,
      100,
      [
        0.0,
        0.0,
        0.0
      ],
      [
        0.49999999999999994,
        0.5000000000000001,
        0.49999999999999994,
        0.5000000000000001
      ]
    ],
    "left_shoulder_yaw_link": [
      "LeftArm",
      3,
      10,
      [
        0.0,
        0.0,
        0.0
      ],
      [
        -0.5000000000000001,
        -0.49999999999999994,
        0.5000000000000001,
        0.49999999999999994
      ]
    ],
    "left_elbow_pitch_link": [
      "LeftForeArm",
      3,
      1,
      [
        0.0,
        0.0,
        0.0
      ],
      [
        0.7071067811865474,
        0.7071067811865471,
        -1.1102230093103523e-16,
        3.0908620248195034e-08
      ]
    ],
    "right_shoulder_yaw_link": [
      "RightArm",
      3,
      10,
      [
        0.0,
        0.0,
        0.0
      ],
      [
        -0.5,
        -0.5000000000000001,
        0.5,
        0.4999999999999999
      ]
    ],
    "right_elbow_pitch_link": [
      "RightForeArm",
      3,
      1,
      [
        0.0,
        0.0,
        0.0
      ],
      [
        0.7071067811865472,
        0.7071067811865472,
        3.090862013717273e-08,
        2.7755575729061466e-16
      ]
    ]
  },
  "ik_match_table2": {
    "base_link": [
      "Hips",
      1200,
      100,
      [
        0.0,
        0.0,
        0.0
      ],
      [
        0.49999999999999994,
        0.5000000000000001,
        0.49999999999999994,
        0.5000000000000001
      ]
    ],
    "left_hip_yaw_link": [
      "LeftUpLeg",
      0,
      50,
      [
        0.0,
        0.0,
        0.0
      ],
      [
        -0.5000000000000001,
        0.5000000000000001,
        0.49999999999999994,
        -0.5000000000000001
      ]
    ],
    "left_knee_pitch_link": [
      "LeftLeg",
      200,
      30,
      [
        0.0,
        0.0,
        0.0
      ],
      [
        -0.5000000000000001,
        0.5000000000000001,
        0.49999999999999994,
        -0.5000000000000001
      ]
    ],
    "left_ankle_roll_link": [
      "LeftFootMod",
      2000,
      20,
      [
        0.0,
        0.0,
        0.0
      ],
      [
        -0.7071067811865477,
        0.7071067811865475,
        0.0,
        0.0
      ]
    ],
    "right_hip_yaw_link": [
      "RightUpLeg",
      0,
      50,
      [
        0.0,
        0.0,
        0.0
      ],
      [
        0.49999999999999994,
        -0.49999999999999994,
        -0.49999999999999983,
        0.5000000000000002
      ]
    ],
    "right_knee_pitch_link": [
      "RightLeg",
      200,
      30,
      [
        0.0,
        0.0,
        0.0
      ],
      [
        0.49999999999999994,
        -0.49999999999999994,
        -0.49999999999999983,
        0.5000000000000002
      ]
    ],
    "right_ankle_roll_link": [
      "RightFootMod",
      2000,
      200,
      [
        0.0,
        0.0,
        0.0
      ],
      [
        0.7071067811865476,
        -0.7071067811865475,
        5.551115218129072e-17,
        2.220446087251629e-16
      ]
    ],
    "waist_pitch_link": [
      "Spine2",
      30,
      300,
      [
        0.0,
        0.0,
        0.0
      ],
      [
        0.49999999999999994,
        0.5000000000000001,
        0.49999999999999994,
        0.5000000000000001
      ]
    ],
    "left_shoulder_yaw_link": [
      "LeftArm",
      3,
      10,
      [
        0.0,
        0.0,
        0.0
      ],
      [
        -0.5000000000000001,
        -0.49999999999999994,
        0.5000000000000001,
        0.49999999999999994
      ]
    ],
    "left_elbow_pitch_link": [
      "LeftForeArm",
      500,
      100,
      [
        0.0,
        0.0,
        0.0
      ],
      [
        0.7071067811865474,
        0.7071067811865471,
        -1.1102230093103523e-16,
        3.0908620248195034e-08
      ]
    ],
    "right_shoulder_yaw_link": [
      "RightArm",
      3,
      10,
      [
        0.0,
        0.0,
        0.0
      ],
      [
        -0.5,
        -0.5000000000000001,
        0.5,
        0.4999999999999999
      ]
    ],
    "right_elbow_pitch_link": [
      "RightForeArm",
      500,
      100,
      [
        0.0,
        0.0,
        0.0
      ],
      [
        0.7071067811865472,
        0.7071067811865472,
        3.090862013717273e-08,
        2.7755575729061466e-16
      ]
    ]
  },
  "meta": {
    "robot_root_name_used": "base_link",
    "human_root_name_used": "Hips"
  }
}