{
  "robot_root_name": "pelvis",
  "human_root_name": "Hips",
  "ground_height": 0.0,
  "human_height_assumption": 1.8,
  "use_ik_match_table1": true,
  "use_ik_match_table2": false,
  "human_scale_table": {
    "Hips": 0.27947499070848736,
    "Spine2": 0.27947499070848736,
    "LeftUpLeg": 2.3098723002842494,
    "RightUpLeg": 2.3098723002842494,
    "LeftLeg": 2.0916492462158205,
    "RightLeg": 2.0916492462158205,
    "LeftFootMod": 1.8218636512756348,
    "RightFootMod": 1.8218636512756348,
    "LeftArm": 1.3438221522739955,
    "RightArm": 1.3438221522739955,
    "LeftForeArm": 1.2435403960091727,
    "RightForeArm": 1.2435403960091727,
    "LeftHand": 1.3182325908115933,
    "RightHand": 1.3182325908115933
  },
  "ik_match_table1": {
    "pelvis": [
      "Hips",
      50,
      10,
      [
        0.0,
        0.0,
        0.0
      ],
      [
        0.49999999999999994,
        0.5000000000000001,
        0.49999999999999994,
        0.5000000000000001
      ]
    ],
    "left_hip_yaw_link": [
      "LeftUpLeg",
      0,
      10,
      [
        0.0,
        0.0,
        0.0
      ],
      [
        -0.4544200566098278,
        0.4544200566098277,
        0.5417586290505403,
        -0.5417586290505404
      ]
    ],
    "left_knee_link": [
      "LeftLeg",
      50,
      10,
      [
        0.0,
        0.0,
        0.0
      ],
      [
        -0.5000000000000001,
        0.5,
        0.4999999999999999,
        -0.5000000000000001
      ]
    ],
    "left_ankle_roll_link": [
      "LeftFootMod",
      50,
      10,
      [
        0.0,
        0.0,
        0.0
      ],
      [
        -0.7071067811865477,
        0.7071067811865475,
        0.0,
        -6.938893903907228e-18
      ]
    ],
    "right_hip_yaw_link": [
      "RightUpLeg",
      0,
      10,
      [
        0.0,
        0.0,
        0.0
      ],
      [
        0.45442005660982776,
        -0.45442005660982776,
        -0.5417586290505402,
        0.5417586290505406
      ]
    ],
    "right_knee_link": [
      "RightLeg",
      50,
      10,
      [
        0.0,
        0.0,
        0.0
      ],
      [
        0.5,
        -0.5,
        -0.4999999999999999,
        0.5000000000000002
      ]
    ],
    "right_ankle_roll_link": [
      "RightFootMod",
      50,
      10,
      [
        0.0,
        0.0,
        0.0
      ],
      [
        0.7071067811865476,
        -0.7071067811865475,
        5.551115123125783e-17,
        2.2898349882893854e-16
      ]
    ],
    "torso_link": [
      "Spine2",
      0,
      100,
      [
        0.0,
        0.0,
        0.0
      ],
      [
        0.49999999999999994,
        0.5000000000000001,
        0.49999999999999994,
        0.5000000000000001
      ]
    ],
    "left_shoulder_yaw_link": [
      "LeftArm",
      0,
      100,
      [
        0.0,
        0.0,
        0.0
      ],
      [
        -0.4999237154211561,
        -0.4999804833903946,
        0.5000488075410059,
        0.5000469828576436
      ]
    ],
    "left_elbow_link": [
      "LeftForeArm",
      50,
      10,
      [
        0.0,
        0.0,
        0.0
      ],
      [
        0.7070873519886987,
        0.7071262027578163,
        -8.843803233349322e-05,
        -4.700676950242232e-05
      ]
    ],
    "left_wrist_yaw_link": [
      "LeftHand",
      50,
      10,
      [
        0.0,
        0.0,
        0.0
      ],
      [
        0.7070873519886987,
        0.7071262027578163,
        -8.843803233349322e-05,
        -4.700676950242232e-05
      ]
    ],
    "right_shoulder_yaw_link": [
      "RightArm",
      0,
      100,
      [
        0.0,
        0.0,
        0.0
      ],
      [
        -0.4999804833903944,
        -0.49992371542115605,
        0.5000469828576437,
        0.5000488075410059
      ]
    ],
    "right_elbow_link": [
      "RightForeArm",
      50,
      10,
      [
        0.0,
        0.0,
        0.0
      ],
      [
        0.7071262027578163,
        0.7070873519886987,
        -4.700676950264437e-05,
        -8.843803233360424e-05
      ]
    ],
    "right_wrist_yaw_link": [
      "RightHand",
      50,
      10,
      [
        0.0,
        0.0,
        0.0
      ],
      [
        0.7071262027578163,
        0.7070873519886987,
        -4.700676950264437e-05,
        -8.843803233360424e-05
      ]
    ]
  },
  "ik_match_table2": {
    "pelvis": [
      "Hips",
      100,
      5,
      [
        0.0,
        0.0,
        0.0
      ],
      [
        0.49999999999999994,
        0.5000000000000001,
        0.49999999999999994,
        0.5000000000000001
      ]
    ],
    "left_hip_yaw_link": [
      "LeftUpLeg",
      10,
      5,
      [
        0.0,
        0.0,
        0.0
      ],
      [
        -0.4544200566098278,
        0.4544200566098277,
        0.5417586290505403,
        -0.5417586290505404
      ]
    ],
    "left_knee_link": [
      "LeftLeg",
      10,
      5,
      [
        0.0,
        0.0,
        0.0
      ],
      [
        -0.5000000000000001,
        0.5,
        0.4999999999999999,
        -0.5000000000000001
      ]
    ],
    "left_ankle_roll_link": [
      "LeftFootMod",
      50,
      10,
      [
        0.0,
        0.0,
        0.0
      ],
      [
        -0.7071067811865477,
        0.7071067811865475,
        0.0,
        -6.938893903907228e-18
      ]
    ],
    "right_hip_yaw_link": [
      "RightUpLeg",
      10,
      5,
      [
        0.0,
        0.0,
        0.0
      ],
      [
        0.45442005660982776,
        -0.45442005660982776,
        -0.5417586290505402,
        0.5417586290505406
      ]
    ],
    "right_knee_link": [
      "RightLeg",
      10,
      5,
      [
        0.0,
        0.0,
        0.0
      ],
      [
        0.5,
        -0.5,
        -0.4999999999999999,
        0.5000000000000002
      ]
    ],
    "right_ankle_roll_link": [
      "RightFootMod",
      50,
      10,
      [
        0.0,
        0.0,
        0.0
      ],
      [
        0.7071067811865476,
        -0.7071067811865475,
        5.551115123125783e-17,
        2.2898349882893854e-16
      ]
    ],
    "torso_link": [
      "Spine2",
      0,
      10,
      [
        0.0,
        0.0,
        0.0
      ],
      [
        0.49999999999999994,
        0.5000000000000001,
        0.49999999999999994,
        0.5000000000000001
      ]
    ],
    "left_shoulder_yaw_link": [
      "LeftArm",
      5,
      100,
      [
        0.0,
        0.0,
        0.0
      ],
      [
        -0.4999237154211561,
        -0.4999804833903946,
        0.5000488075410059,
        0.5000469828576436
      ]
    ],
    "left_elbow_link": [
      "LeftForeArm",
      10,
      5,
      [
        0.0,
        0.0,
        0.0
      ],
      [
        0.7070873519886987,
        0.7071262027578163,
        -8.843803233349322e-05,
        -4.700676950242232e-05
      ]
    ],
    "left_wrist_yaw_link": [
      "LeftHand",
      10,
      5,
      [
        0.0,
        0.0,
        0.0
      ],
      [
        0.7070873519886987,
        0.7071262027578163,
        -8.843803233349322e-05,
        -4.700676950242232e-05
      ]
    ],
    "right_shoulder_yaw_link": [
      "RightArm",
      5,
      100,
      [
        0.0,
        0.0,
        0.0
      ],
      [
        -0.4999804833903944,
        -0.49992371542115605,
        0.5000469828576437,
        0.5000488075410059
      ]
    ],
    "right_elbow_link": [
      "RightForeArm",
      10,
      5,
      [
        0.0,
        0.0,
        0.0
      ],
      [
        0.7071262027578163,
        0.7070873519886987,
        -4.700676950264437e-05,
        -8.843803233360424e-05
      ]
    ],
    "right_wrist_yaw_link": [
      "RightHand",
      10,
      5,
      [
        0.0,
        0.0,
        0.0
      ],
      [
        0.7071262027578163,
        0.7070873519886987,
        -4.700676950264437e-05,
        -8.843803233360424e-05
      ]
    ]
  }
}