{
  "robot_root_name": "pelvis",
  "human_root_name": "Hips",
  "ground_height": 0.0,
  "human_height_assumption": 1.8,
  "use_ik_match_table1": true,
  "use_ik_match_table2": false,
  "human_scale_table": {
    "Hips": 0.5,
    "Spine2": 1.015541900907244,
    "LeftUpLeg": 1.0602466310773577,
    "RightUpLeg": 1.0602466310773577,
    "LeftLeg": 1.0258960860116142,
    "RightLeg": 1.0258960860116142,
    "LeftFootMod": 1.0251313958849226,
    "RightFootMod": 1.0251313958849226,
    "LeftArm": 1.04412750516619,
    "RightArm": 1.04412750516619,
    "LeftForeArm": 1.01933776310512,
    "RightForeArm": 1.01933776310512
  },
  "ik_match_table1": {
    "pelvis": [
      "Hips",
      50,
      10,
      [
        0.0,
        0.0,
        0.0
      ],
      [
        0.49999999999999994,
        0.5000000000000001,
        0.49999999999999994,
        0.5000000000000001
      ]
    ],
    "left_hip_yaw_link": [
      "LeftUpLeg",
      0,
      10,
      [
        -0.00027526399875879977,
        -0.0016667624822282946,
        -3.320978753819151e-05
      ],
      [
        -0.5,
        0.5000000000000001,
        0.49999999999999983,
        -0.5000000000000001
      ]
    ],
    "left_knee_link": [
      "LeftLeg",
      50,
      10,
      [
        3.517095260498731e-05,
        9.469641272907146e-05,
        -0.0005816507475280841
      ],
      [
        -0.5,
        0.5000000000000001,
        0.49999999999999983,
        -0.5000000000000001
      ]
    ],
    "left_ankle_roll_link": [
      "LeftFootMod",
      50,
      10,
      [
        4.197717491086916e-05,
        0.00013390775016252493,
        -0.0014905809243679347
      ],
      [
        -0.7071067811865477,
        0.7071067811865475,
        -1.1102230246251565e-16,
        -1.1102230246251565e-16
      ]
    ],
    "right_hip_yaw_link": [
      "RightUpLeg",
      0,
      10,
      [
        -0.00027518153513191734,
        0.0016667624822282946,
        -3.320978753820758e-05
      ],
      [
        0.4999999999999999,
        -0.5000000000000001,
        -0.4999999999999998,
        0.5000000000000002
      ]
    ],
    "right_knee_link": [
      "RightLeg",
      50,
      10,
      [
        3.5170952605032424e-05,
        -9.462659480095203e-05,
        -0.0005814412937439063
      ],
      [
        0.4999999999999999,
        -0.5000000000000001,
        -0.4999999999999998,
        0.5000000000000002
      ]
    ],
    "right_ankle_roll_link": [
      "RightFootMod",
      50,
      10,
      [
        4.207684046333971e-05,
        -0.00013378815149962136,
        -0.0014900227972747264
      ],
      [
        0.7071067811865477,
        -0.7071067811865475,
        1.6653345369377348e-16,
        3.3306690738754696e-16
      ]
    ],
    "torso_pitch_link": [
      "Spine2",
      0,
      100,
      [
        -0.00014621590469479986,
        9.873323985395105e-09,
        0.0020499226020949946
      ],
      [
        0.49999999999999994,
        0.5000000000000001,
        0.49999999999999994,
        0.5000000000000001
      ]
    ],
    "left_shoulder_yaw_link": [
      "LeftArm",
      0,
      100,
      [
        0.0003293686113130866,
        -0.0013281882158899948,
        -0.00389618670786146
      ],
      [
        -0.7071067811865477,
        5.074904731855987e-17,
        1.0626019854981768e-16,
        0.7071067811865475
      ]
    ],
    "left_elbow_link": [
      "LeftForeArm",
      50,
      10,
      [
        -0.00016284886396649155,
        0.0022356378321861663,
        0.002319296002893434
      ],
      [
        -0.7071067811865477,
        5.074904731855987e-17,
        1.0626019854981768e-16,
        0.7071067811865475
      ]
    ],
    "right_shoulder_yaw_link": [
      "RightArm",
      0,
      100,
      [
        0.0003293280063545843,
        0.0013281273084520817,
        -0.0038972525880229814
      ],
      [
        1.0626019854981768e-16,
        -0.7071067811865474,
        0.7071067811865478,
        5.074904731855987e-17
      ]
    ],
    "right_elbow_link": [
      "RightForeArm",
      50,
      10,
      [
        -0.0001627497616838628,
        -0.002235429717392962,
        0.0023183545312094322
      ],
      [
        1.0626019854981768e-16,
        -0.7071067811865474,
        0.7071067811865478,
        5.074904731855987e-17
      ]
    ]
  },
  "ik_match_table2": {
    "pelvis": [
      "Hips",
      100,
      5,
      [
        0.0,
        0.0,
        0.0
      ],
      [
        0.49999999999999994,
        0.5000000000000001,
        0.49999999999999994,
        0.5000000000000001
      ]
    ],
    "left_hip_yaw_link": [
      "LeftUpLeg",
      10,
      5,
      [
        -0.00027526399875879977,
        -0.0016667624822282946,
        -3.320978753819151e-05
      ],
      [
        -0.5,
        0.5000000000000001,
        0.49999999999999983,
        -0.5000000000000001
      ]
    ],
    "left_knee_link": [
      "LeftLeg",
      10,
      5,
      [
        3.517095260498731e-05,
        9.469641272907146e-05,
        -0.0005816507475280841
      ],
      [
        -0.5,
        0.5000000000000001,
        0.49999999999999983,
        -0.5000000000000001
      ]
    ],
    "left_ankle_roll_link": [
      "LeftFootMod",
      50,
      10,
      [
        4.197717491086916e-05,
        0.00013390775016252493,
        -0.0014905809243679347
      ],
      [
        -0.7071067811865477,
        0.7071067811865475,
        -1.1102230246251565e-16,
        -1.1102230246251565e-16
      ]
    ],
    "right_hip_yaw_link": [
      "RightUpLeg",
      10,
      5,
      [
        -0.00027518153513191734,
        0.0016667624822282946,
        -3.320978753820758e-05
      ],
      [
        0.4999999999999999,
        -0.5000000000000001,
        -0.4999999999999998,
        0.5000000000000002
      ]
    ],
    "right_knee_link": [
      "RightLeg",
      10,
      5,
      [
        3.5170952605032424e-05,
        -9.462659480095203e-05,
        -0.0005814412937439063
      ],
      [
        0.4999999999999999,
        -0.5000000000000001,
        -0.4999999999999998,
        0.5000000000000002
      ]
    ],
    "right_ankle_roll_link": [
      "RightFootMod",
      50,
      10,
      [
        4.207684046333971e-05,
        -0.00013378815149962136,
        -0.0014900227972747264
      ],
      [
        0.7071067811865477,
        -0.7071067811865475,
        1.6653345369377348e-16,
        3.3306690738754696e-16
      ]
    ],
    "torso_pitch_link": [
      "Spine2",
      0,
      10,
      [
        -0.00014621590469479986,
        9.873323985395105e-09,
        0.0020499226020949946
      ],
      [
        0.49999999999999994,
        0.5000000000000001,
        0.49999999999999994,
        0.5000000000000001
      ]
    ],
    "left_shoulder_yaw_link": [
      "LeftArm",
      5,
      100,
      [
        0.0003293686113130866,
        -0.0013281882158899948,
        -0.00389618670786146
      ],
      [
        -0.7071067811865477,
        5.074904731855987e-17,
        1.0626019854981768e-16,
        0.7071067811865475
      ]
    ],
    "left_elbow_link": [
      "LeftForeArm",
      10,
      5,
      [
        -0.00016284886396649155,
        0.0022356378321861663,
        0.002319296002893434
      ],
      [
        -0.7071067811865477,
        5.074904731855987e-17,
        1.0626019854981768e-16,
        0.7071067811865475
      ]
    ],
    "right_shoulder_yaw_link": [
      "RightArm",
      5,
      100,
      [
        0.0003293280063545843,
        0.0013281273084520817,
        -0.0038972525880229814
      ],
      [
        1.0626019854981768e-16,
        -0.7071067811865474,
        0.7071067811865478,
        5.074904731855987e-17
      ]
    ],