{
  "robot_root_name": "pelvis",
  "human_root_name": "Hips",
  "ground_height": 0.0,
  "human_height_assumption": 1.8,
  "use_ik_match_table1": true,
  "use_ik_match_table2": false,
  "human_scale_table": {
    "Hips": 0.886976432800293,
    "Spine2": 0.8436976432800293,
    "LeftUpLeg": 1.1722847393580846,
    "RightUpLeg": 1.1722847393580846,
    "LeftLeg": 0.6315299442836216,
    "RightLeg": 0.6315299442836216,
    "LeftFootMod": 0.6889439923422678,
    "RightFootMod": 0.6889439923422678,
    "LeftArm": 1.0037462506975448,
    "RightArm": 1.0037462506975448,
    "LeftForeArm": 0.8109258311135429,
    "RightForeArm": 0.8109258311135429,
    "LeftHand": 0.7769307477133615,
    "RightHand": 0.7769307477133615
  },
  "ik_match_table1": {
    "pelvis": [
      "Hips",
      5,
      10,
      [
        0.0,
        0.0,
        0.0
      ],
      [
        0.49999999999999994,
        0.5000000000000001,
        0.49999999999999994,
        0.5000000000000001
      ]
    ],
    "left_hip_yaw_link": [
      "LeftUpLeg",
      0,
      10,
      [
        -0.019227332638004784,
        -0.003771600167244673,
        -0.2527300263093261
      ],
      [
        -0.4544200566098278,
        0.4544200566098277,
        0.5417586290505403,
        -0.5417586290505404
      ]
    ],
    "left_knee_link": [
      "LeftLeg",
      0,
      10,
      [
        -0.011408977393767901,
        0.05383443790733821,
        -0.1728464068508149
      ],
      [
        -0.5000000000000001,
        0.5,
        0.4999999999999999,
        -0.5000000000000001
      ]
    ],
    "left_ankle_roll_link": [
      "LeftFootMod",
      150,
      10,
      [
        -0.012446112887014847,
        0.0478519051814027,
        -0.18237905270971302
      ],
      [
        -0.7071067811865477,
        0.7071067811865475,
        0.0,
        -6.938893903907228e-18
      ]
    ],
    "right_hip_yaw_link": [
      "RightUpLeg",
      0,
      10,
      [
        -0.01922714184128814,
        0.003771588770031897,
        -0.25273006002415094
      ],
      [
        0.45442005660982776,
        -0.45442005660982776,
        -0.5417586290505402,
        0.5417586290505406
      ]
    ],
    "right_knee_link": [
      "RightLeg",
      0,
      10,
      [
        -0.011408965114018904,
        -0.05383435808897021,
        -0.17284614897608763
      ],
      [
        0.5,
        -0.5,
        -0.4999999999999999,
        0.5000000000000002
      ]
    ],
    "right_ankle_roll_link": [
      "RightFootMod",
      150,
      10,
      [
        -0.012445972227616262,
        -0.047851751125870944,
        -0.18237830922432147
      ],
      [
        0.7071067811865476,
        -0.7071067811865475,
        5.551115123125783e-17,
        2.2898349882893854e-16
      ]
    ],
    "torso_link": [
      "Spine2",
      0,
      100,
      [
        0.017393979526573414,
        -6.214533127418802e-17,
        -0.21711603490918985
      ],
      [
        0.49999999999999994,
        0.5000000000000001,
        0.49999999999999994,
        0.5000000000000001
      ]
    ],
    "left_shoulder_yaw_link": [
      "LeftArm",
      0,
      100,
      [
        0.03987286598501916,
        -0.2081375136708866,
        -0.07508483525306728
      ],
      [
        -0.4999237154211561,
        -0.4999804833903946,
        0.5000488075410059,
        0.5000469828576436
      ]
    ],
    "left_elbow_link": [
      "LeftForeArm",
      0,
      10,
      [
        -0.07216363525940031,
        -0.11143227079750465,
        0.048037847918526125
      ],
      [
        0.7070873519886987,
        0.7071262027578163,
        -8.843803233349322e-05,
        -4.700676950242232e-05
      ]
    ],
    "left_wrist_yaw_link": [
      "LeftHand",
      0,
      10,
      [
        -0.06189158460269994,
        -0.0924870177579264,
        0.036720605018398744
      ],
      [
        0.7070873519886987,
        0.7071262027578163,
        -8.843803233349322e-05,
        -4.700676950242232e-05
      ]
    ],
    "right_shoulder_yaw_link": [
      "RightArm",
      0,
      100,
      [
        0.03987279967446035,
        0.20813959168907453,
        -0.07507499257754262
      ],
      [
        -0.4999804833903944,
        -0.49992371542115605,
        0.5000469828576437,
        0.5000488075410059
      ]
    ],
    "right_elbow_link": [
      "RightForeArm",
      0,
      10,
      [
        -0.07217391080208312,
        0.11143380756607037,
        0.04803802341925614
      ],
      [
        0.7071262027578163,
        0.7070873519886987,
        -4.700676950264437e-05,
        -8.843803233360424e-05
      ]
    ],
    "right_wrist_yaw_link": [
      "RightHand",
      0,
      10,
      [
        -0.06190004188997021,
        0.09248514394908701,
        0.03672146008021428
      ],
      [
        0.7071262027578163,
        0.7070873519886987,
        -4.700676950264437e-05,
        -8.843803233360424e-05
      ]
    ]
  },
  "ik_match_table2": {
    "pelvis": [
      "Hips",
      100,
      5,
      [
        0.0,
        0.0,
        0.0
      ],
      [
        0.49999999999999994,
        0.5000000000000001,
        0.49999999999999994,
        0.5000000000000001
      ]
    ],
    "left_hip_yaw_link": [
      "LeftUpLeg",
      10,
      5,
      [
        -0.019227332638004784,
        -0.003771600167244673,
        -0.2527300263093261
      ],
      [
        -0.4544200566098278,
        0.4544200566098277,
        0.5417586290505403,
        -0.5417586290505404
      ]
    ],
    "left_knee_link": [
      "LeftLeg",
      10,
      5,
      [
        -0.011408977393767901,
        0.05383443790733821,
        -0.1728464068508149
      ],
      [
        -0.5000000000000001,
        0.5,
        0.4999999999999999,
        -0.5000000000000001
      ]
    ],
    "left_ankle_roll_link": [
      "LeftFootMod",
      50,
      10,
      [
        -0.012446112887014847,
        0.0478519051814027,
        -0.18237905270971302
      ],
      [
        -0.7071067811865477,
        0.7071067811865475,
        0.0,
        -6.938893903907228e-18
      ]
    ],
    "right_hip_yaw_link": [
      "RightUpLeg",
      10,
      5,
      [
        -0.01922714184128814,
        0.003771588770031897,
        -0.25273006002415094
      ],
      [
        0.45442005660982776,
        -0.45442005660982776,
        -0.5417586290505402,
        0.5417586290505406
      ]
    ],
    "right_knee_link": [
      "RightLeg",
      10,
      5,
      [
        -0.011408965114018904,
        -0.05383435808897021,
        -0.17284614897608763
      ],
      [
        0.5,
        -0.5,
        -0.4999999999999999,
        0.5000000000000002
      ]
    ],
    "right_ankle_roll_link": [
      "RightFootMod",
      50,
      10,
      [
        -0.012445972227616262,
        -0.047851751125870944,
        -0.18237830922432147
      ],
      [
        0.7071067811865476,
        -0.7071067811865475,
        5.551115123125783e-17,
        2.2898349882893854e-16
      ]
    ],
    "torso_link": [
      "Spine2",
      0,
      10,
      [
        0.017393979526573414,
        -6.214533127418802e-17,
        -0.21711603490918985
      ],
      [
        0.49999999999999994,
        0.5000000000000001,
        0.49999999999999994,
        0.5000000000000001
      ]
    ],
    "left_shoulder_yaw_link": [
      "LeftArm",
      5,
      100,
      [
        0.03987286598501916,
        -0.2081375136708866,
        -0.07508483525306728
      ],
      [
        -0.4999237154211561,
        -0.4999804833903946,
        0.5000488075410059,
        0.5000469828576436
      ]
    ],
    "left_elbow_link": [
      "LeftForeArm",
      10,
      5,
      [
        -0.07216363525940031,
        -0.11143227079750465,
        0.048037847918526125
      ],
      [
        0.7070873519886987,
        0.7071262027578163,
        -8.843803233349322e-05,
        -4.700676950242232e-05
      ]
    ],